ID,NaClg/L,TempK,Concentrationg/L
10001,10,313,0.02
10002,50,313,0.02
10003,100,313,0.02
10004,150,313,0.02
10005,200,313,0.02
10006,2.587,333,0.1
10007,24.53,298,0.09644383
10008,24.53,298,0.20666535
10009,24.53,298,0.48221915
10010,24.53,298,0.9644383
10011,24.53,298,0.10037139
10012,24.53,298,0.21508155
10013,24.53,298,0.50185695
10014,24.53,298,1.0037139
10015,35,323,0.00265272
10016,35,323,0.0066318
10017,35,323,0.0132636
10018,35,323,0.0265272
10019,35,323,0.132636
10020,35,323,0.0034137
10021,35,323,0.00853425
10022,35,323,0.0170685
10023,35,323,0.034137
10024,35,323,0.170685
10025,35,323,0.0034137
10026,35,323,0.00853425
10027,35,323,0.0170685
10028,35,323,0.034137
10029,35,323,0.170685
10030,35,323,0.0034137
10031,35,323,0.00853425
10032,35,323,0.0170685
10033,35,323,0.034137
10034,35,323,0.170685
10036,10,323,0.025
10037,10,323,0.05
10038,10,323,0.075
10039,10,323,0.1
10040,10,323,0.01
10041,10,323,0.025
10042,10,323,0.05
10043,10,323,0.1
10044,10,323,0.005
10045,10,323,0.01
10046,10,323,0.025
10047,10,323,0.05
10048,10,323,0.1
10049,50,298,0.025
10050,50,298,0.05
10051,50,298,0.075
10052,50,298,0.1
10053,50,298,0.15
10054,50,313,0.025
10055,50,313,0.05
10056,50,313,0.075
10057,50,313,0.1
10058,50,313,0.15
10059,50,333,0.025
10060,50,333,0.05
10061,50,333,0.075
10062,50,333,0.1
10063,50,333,0.15
10064,35,298,0.1
10065,35,343,0.1
10066,35,298,0.1
10067,35,343,0.1
10068,35,298,0.1
10069,35,343,0.1
10070,2.587,298,0.01
10071,2.587,298,0.025
10072,2.587,298,0.05
10073,2.587,298,0.075
10074,2.587,298,0.1
10075,30,333,0.025
10076,30,333,0.05
10077,30,333,0.075
10078,30,333,0.1
10079,30,333,0.15
10080,30,333,0.2
10081,30,333,0.0511496
10082,30,333,0.0152248
10083,30,333,0.0611616
10084,2.587,333,0.06
10085,2.587,333,0.06
10086,28.2,333,0.05
10087,28.2,333,0.1
10088,28.2,333,0.2
10089,28.2,333,0.4
10090,28.2,333,0.05
10091,28.2,333,0.1
10092,28.2,333,0.2
10093,28.2,333,0.4
10094,35,333,0.001
10095,35,333,0.0025
10096,35,333,0.005
10097,35,333,0.0075
10098,35,333,0.01
10099,35,333,0.001
10100,35,333,0.0025
10101,35,333,0.005
10102,35,333,0.0075
10103,35,333,0.01
10104,62.36,333,0.020927
10105,62.36,333,0.041854
10106,62.36,333,0.083708
10107,62.36,333,0.167416
10108,62.36,333,0.0215299
10109,62.36,333,0.0430598
10110,62.36,333,0.0861196
10111,62.36,333,0.1722392
10112,35,298,0.125
10113,35,298,0.25
10114,35,298,0.5
10115,35,298,0.75
10116,35,298,1
10118,35,298,0.005
10119,35,298,0.01
10120,35,298,0.05
10121,35,298,0.005
10122,35,298,0.01
10123,35,298,0.05
10124,9.945,343,0.150206
10125,9.945,343,0.450618
10126,9.945,343,0.129188
10127,9.945,343,0.387564
10128,35,323,0.000300271
10129,35,323,0.001501355
10130,35,323,0.00300271
10131,35,323,0.01501355
10132,35,323,0.0300271
10133,35,323,0.1501355
10134,35,323,0.000520452
10135,35,323,0.00260226
10136,35,323,0.00520452
10137,35,323,0.0260226
10138,35,323,0.0520452
10139,35,323,0.260226
10140,35,323,0.000554897
10141,35,323,0.002774485
10142,35,323,0.00554897
10143,35,323,0.02774485
10144,35,323,0.0554897
10145,35,323,0.2774485
10146,30,293,0.1
10147,30,293,0.2
10148,30,293,0.4
10149,30,293,0.7
10150,30,293,1
10151,30,293,0.1
10152,30,293,0.2
10153,30,293,0.4
10154,30,293,0.7
10155,30,293,1
10156,50,333,0.05
10157,50,333,0.1
10158,50,333,0.3
10159,50,333,0.5
10160,24.53,298,0.1
10161,24.53,298,0.25
10162,24.53,298,0.5
10163,24.53,298,1
10164,24.53,298,0.1
10165,24.53,298,0.25
10166,24.53,298,0.5
10167,24.53,298,1
10168,24.53,298,0.1
10169,24.53,298,0.25
10170,24.53,298,0.5
10171,24.53,298,1
10172,35,333,0.05
10173,35,333,0.05
10174,0.31,333,0.001
10175,0.31,333,0.0025
10176,0.31,333,0.005
10177,0.31,333,0.0075
10178,0.31,333,0.01
10179,0.31,333,0.001
10180,0.31,333,0.0025
10181,0.31,333,0.005
10182,0.31,333,0.0075
10183,0.31,333,0.01
10184,38.58,333,0.00268392
10185,38.58,333,0.0134196
10186,38.58,333,0.0268392
10187,38.58,333,0.0536784
10188,38.58,333,0.1073568
10189,2.587,333,0.025
10190,2.587,333,0.033
10191,2.587,333,0.05
10192,2.587,333,0.066
10193,2.587,333,0.075
10194,2.587,333,0.1
10195,2.587,333,0.025
10196,2.587,333,0.033
10197,2.587,333,0.05
10198,2.587,333,0.066
10199,2.587,333,0.075
10200,2.587,333,0.1
10201,80,333,0.05
10202,80,333,0.1
10203,80,333,0.3
10204,80,333,0.5
10205,80,333,0.05
10206,80,333,0.1
10207,80,333,0.3
10208,80,333,0.5
10209,30,298,0.01
10210,30,298,0.02
10211,30,298,0.05
10212,30,298,0.1
10213,35,328,0.025
10214,35,328,0.05
10215,35,328,0.1
10216,35,328,0.025
10217,35,328,0.05
10218,35,328,0.1
10219,35,338,0.0699214
10220,35,338,0.0156272
10221,0.3276,333,0.2
10222,0.3276,333,0.2
10223,0.3276,333,0.2
10224,0.3276,333,0.2
10225,0.3276,333,0.2
10226,0.3276,333,0.2
10227,2.587,333,0.025
10228,2.587,333,0.05
10229,2.587,333,0.075
10230,2.587,333,0.1
10231,2.587,333,0.15
10232,2.587,333,0.025
10233,2.587,333,0.05
10234,2.587,333,0.075
10235,2.587,333,0.1
10236,2.587,333,0.15
10237,62.36,333,0.00775785
10238,62.36,333,0.0155157
10239,62.36,333,0.0310314
10240,62.36,333,0.0620628
10241,62.36,333,0.0076111
10242,62.36,333,0.0152222
10243,62.36,333,0.0304444
10244,62.36,333,0.0608888
10245,62.36,333,0.0145174
10246,62.36,333,0.0290348
10247,62.36,333,0.0580696
10248,62.36,333,0.1161392
10249,30,298,0.05
10250,62.36,333,0.00775785
10251,62.36,333,0.0155157
10252,62.36,333,0.0310314
10253,62.36,333,0.0620628
10254,62.36,333,0.00605805
10255,62.36,333,0.0121161
10256,62.36,333,0.0242322
10257,62.36,333,0.0484644
10258,62.36,333,0.0038062
10259,62.36,333,0.0076124
10260,62.36,333,0.0152248
10261,62.36,333,0.0304496
10262,58.5,303,0.025
10263,58.5,303,0.05
10264,58.5,303,0.075
10265,58.5,303,0.1
10266,20.573,333,0.01
10267,20.573,333,0.02
10268,20.573,333,0.05
10269,20.573,333,0.1
10270,20.573,333,0.01
10271,20.573,333,0.02
10272,20.573,333,0.05
10273,20.573,333,0.1
10274,30,293,0.005
10275,30,293,0.01
10276,30,293,0.04
10277,30,293,0.07
10278,30,293,0.1
10279,30,293,0.005
10280,30,293,0.01
10281,30,293,0.04
10282,30,293,0.07
10283,30,293,0.1
10284,20.573,353,0.05
10285,20.573,353,0.1
10286,20.573,353,0.2
10287,20.573,353,0.4
10288,35,323,0.1
10289,35,323,0.2
10290,35,323,0.3
10291,35,323,0.4
10292,35,298,0.01
10293,35,298,0.02
10294,35,298,0.05
10295,35,298,0.1
10296,35,313,0.1
10297,35,313,0.1
10298,35,313,0.1
10299,62.36,333,0.0105643
10300,62.36,333,0.0211286
10301,62.36,333,0.0422572
10302,62.36,333,0.0845144
10303,62.36,333,0.0038062
10304,62.36,333,0.0076124
10305,62.36,333,0.0152248
10306,62.36,333,0.0304496
10307,35,298,0.00266382
10308,35,298,0.00665955
10309,35,298,0.01065528
10310,35,298,0.0133191
10311,35,308,0.00266382
10312,35,308,0.00665955
10313,35,308,0.01065528
10314,35,308,0.0133191
10315,35,323,0.00266382
10316,35,323,0.00665955
10317,35,323,0.01065528
10318,35,323,0.0133191
10319,35,353,0.00266382
10320,35,353,0.00665955
10321,35,353,0.01065528
10322,35,353,0.0133191
10327,70,323,0.005
10328,70,323,0.01
10329,70,323,0.02
10330,70,323,0.04
10331,70,323,0.1
10332,62.36,333,0.00238337
10333,62.36,333,0.005958425
10334,62.36,333,0.01191685
10335,62.36,333,0.0238337
10336,62.36,333,0.0476674
10337,62.36,333,0.00328462
10338,62.36,333,0.00821155
10339,62.36,333,0.0164231
10340,62.36,333,0.0328462
10341,62.36,333,0.0656924
10342,62.36,333,0.05
10343,62.36,333,0.1
10344,62.36,333,0.15
10345,62.36,333,0.2
10346,62.36,333,0.25
10347,62.36,333,0.05
10348,62.36,333,0.1
10349,62.36,333,0.15
10350,62.36,333,0.2
10351,62.36,333,0.25
10352,62.36,333,0.00112157
10353,62.36,333,0.002803925
10354,62.36,333,0.00560785
10355,62.36,333,0.0112157
10356,62.36,333,0.0224314
10357,62.36,333,0.00202282
10358,62.36,333,0.00505705
10359,62.36,333,0.0101141
10360,62.36,333,0.0202282
10361,62.36,333,0.0404564
10362,35,333,0.05
10363,35,333,0.05
10364,35,298,0.01
10365,35,298,0.025
10366,35,298,0.05
10367,35,333,0.01
10368,35,333,0.025
10369,35,333,0.05
10370,35,298,0.001
10371,35,298,0.005
10372,35,298,0.01
10373,35,298,0.05
10374,10,323,0.1
10375,10,323,0.2
10376,10,323,0.3
10377,10,323,0.4
10378,10,323,0.5
10379,35,323,0.05
10380,35,323,0.1
10381,35,323,0.15
10382,35,323,0.2
10383,35,298,0.025
10384,35,298,0.05
10385,35,298,0.075
10386,35,298,0.1
10387,35,298,0.15
10388,35,298,0.3
10389,35,298,0.45
10390,35,298,0.6
10391,35,298,0.9
10392,35,323,0.1
10393,35,323,0.2
10394,35,323,0.3
10395,35,323,0.4
10396,62.36,333,0.00111169
10397,62.36,333,0.00222338
10398,62.36,333,0.00444676
10399,62.36,333,0.0111169
10400,62.36,333,0.0222338
10401,62.36,333,0.00120189
10402,62.36,333,0.00240378
10403,62.36,333,0.00480756
10404,62.36,333,0.0120189
10405,62.36,333,0.0240378
10406,62.36,333,0.00148243
10407,62.36,333,0.00296486
10408,62.36,333,0.00592972
10409,62.36,333,0.0148243
10410,62.36,333,0.0296486
10413,17.31,298,0.249888
10414,17.31,298,0.499776
10415,17.31,298,0.005045425
10416,17.31,298,0.01009085
10417,17.31,298,0.0201817
10418,62.36,333,0.0232312
10419,50,313,0.1
10420,50,313,0.2
10421,50,313,0.3
10422,50,313,0.4
10423,50,313,0.1
10424,50,313,0.2
10425,50,313,0.3
10426,50,313,0.4
10427,10,313,0.02
10427.1,50,313,0.02
10427.2,100,313,0.02
10427.3,150,313,0.02
10427.4,200,313,0.02
10428,35,323,0.00271251
10429,35,323,0.00542502
10430,35,323,0.0271251
10431,35,323,0.0542502
10432,35,323,0.271251
10433,35,323,0.542502
10434,35,323,0.00285278
10435,35,323,0.00570556
10436,35,323,0.0285278
10437,35,323,0.0570556
10438,35,323,0.285278
10439,35,323,0.570556
10440,35,323,0.00285278
10441,35,323,0.00570556
10442,35,323,0.0285278
10443,35,323,0.0570556
10444,35,323,0.285278
10445,35,323,0.570556
10446,35,298,0.013346475
10447,35,298,0.02669295
10448,35,298,0.040039425
10449,35,298,0.0533859
10450,35,308,0.013346475
10451,35,308,0.02669295
10452,35,308,0.040039425
10453,35,308,0.0533859
10454,35,328,0.013346475
10455,35,328,0.02669295
10456,35,328,0.040039425
10457,35,328,0.0533859
10458,35,348,0.013346475
10459,35,348,0.02669295
10460,35,348,0.040039425
10461,35,348,0.0533859
10462,62.36,338,0.00116156
10463,62.36,338,0.00232312
10464,62.36,338,0.00464624
10465,62.36,338,0.0116156
10466,62.36,338,0.0232312
10467,62.36,338,0.0464624
10468,62.36,338,0.0929248
10469,0,298,0.01
10470,0,298,0.025
10471,0,298,0.05
10472,0,298,0.1
10473,0,298,0.15
10474,0,298,0.01
10475,0,298,0.025
10476,0,298,0.05
10477,0,298,0.1
10478,0,298,0.15
10479,35,345,0.03
10480,35,345,0.06
10481,35,345,0.09
10482,35,345,0.12
10483,35,345,0.15
10484,29.25,303,0.0005
10485,29.25,303,0.001
10486,29.25,303,0.005
10487,29.25,303,0.01
10488,29.25,303,0.02
10489,29.25,303,0.05
10490,29.25,303,0.1
10491,29.25,313,0.0005
10492,29.25,313,0.001
10493,29.25,313,0.005
10494,29.25,313,0.01
10495,29.25,313,0.02
10496,29.25,313,0.05
10497,29.25,313,0.1
10498,29.25,323,0.0005
10499,29.25,323,0.001
10500,29.25,323,0.005
10501,29.25,323,0.01
10502,29.25,323,0.02
10503,29.25,323,0.05
10504,29.25,323,0.1
10505,29.25,303,0.0005
10506,29.25,303,0.001
10507,29.25,303,0.005
10508,29.25,303,0.01
10509,29.25,303,0.02
10510,29.25,303,0.05
10511,29.25,303,0.1
10512,29.25,313,0.0005
10513,29.25,313,0.001
10514,29.25,313,0.005
10515,29.25,313,0.01
10516,29.25,313,0.02
10517,29.25,313,0.05
10518,29.25,313,0.1
10519,29.25,323,0.0005
10520,29.25,323,0.001
10521,29.25,323,0.005
10522,29.25,323,0.01
10523,29.25,323,0.02
10524,29.25,323,0.05
10525,29.25,323,0.1
10532,20,293,0.05
10533,20,293,0.1
10534,20,293,0.2
10535,20,293,0.4
10536,20,293,0.7
10537,20,293,1
10538,20,333,0.05
10539,20,333,0.1
10540,20,333,0.2
10541,20,333,0.4
10542,20,333,0.7
10543,20,333,1
10544,0,333,0.05
10545,0,333,0.05
10546,30,323,0.005
10547,30,323,0.01
10548,30,323,0.025
10549,30,323,0.05
10550,30,323,0.1
10551,62.36,333,0.000247348
10552,62.36,333,0.00061837
10553,62.36,333,0.00123674
10554,62.36,333,0.00247348
10555,62.36,333,0.0061837
10556,62.36,333,0.0123674
10557,62.36,333,0.000253377
10558,62.36,333,0.000633443
10559,62.36,333,0.001266885
10560,62.36,333,0.00253377
10561,62.36,333,0.006334425
10562,62.36,333,0.01266885
10567,35,298,0.1973133
10568,35,298,0.39901134
10569,35,298,0.59632464
10570,35,298,0.99533598
10574,35,298,0.02
10575,35,298,0.04
10576,35,298,0.08
10577,62.36,333,0.0528772
10578,62.36,333,0.00558315
10579,35,333,0.5
10580,35,333,0.5
10581,35,333,0.5
10582,0,333,0.1
10583,0,333,0.2
10584,0,333,0.3
10585,0,333,0.4
10586,0,333,0.1
10587,0,333,0.2
10588,0,333,0.3
10589,0,333,0.4
10590,0,333,0.1
10591,0,333,0.2
10592,0,333,0.3
10593,0,333,0.4
10594,30,298,0.05
10595,30,298,0.1
10596,30,298,0.2
10597,30,298,0.3
10598,35,298,0.025
10599,35,298,0.05
10600,35,298,0.075
10601,35,298,0.1
10602,35,298,0.025
10603,35,298,0.05
10604,35,298,0.075
10605,35,298,0.1
10606,35,298,0.005
10607,35,298,0.01
10608,35,298,0.025
10609,35,298,0.05
10610,35,298,0.1
10611,35,353,0.03
10612,35,353,0.05
10613,35,353,0.08
10614,35,353,0.1
10615,35,353,0.03
10616,35,353,0.05
10617,35,353,0.08
10618,35,353,0.1
10619,35,333,0.02
10620,35,333,0.02
10621,35,333,0.02
10622,58.5,343,0.01
10623,58.5,343,0.025
10624,58.5,343,0.05
10625,58.5,343,0.075
10626,58.5,343,0.1
10627,58.5,343,0.01
10628,58.5,343,0.025
10629,58.5,343,0.05
10630,58.5,343,0.075
10631,58.5,343,0.1
10632,58.5,343,0.01
10633,58.5,343,0.025
10634,58.5,343,0.05
10635,58.5,343,0.075
10636,58.5,343,0.1
10637,35,298,0.025
10638,35,298,0.05
10639,35,298,0.075
10640,35,298,0.1
10641,35,298,0.025
10642,35,298,0.05
10643,35,298,0.075
10644,35,298,0.1
10645,35,298,0.025
10646,35,298,0.05
10647,35,298,0.1
10648,2.896,343,0.005
10649,2.896,343,0.01
10650,2.896,343,0.02
10651,2.896,343,0.04
10652,2.896,343,0.08
10653,35,298,0.1
10654,35,298,0.2
10655,35,298,0.3
10656,35,298,0.4
10657,35,298,0.5
10658,35,298,0.1
10659,35,298,0.2
10660,35,298,0.3
10661,35,298,0.4
10662,35,298,0.5
10663,35,298,0.1
10664,35,298,0.2
10665,35,298,0.3
10666,35,298,0.4
10667,35,298,0.5
10668,2.896,343,0.005
10669,2.896,343,0.01
10670,2.896,343,0.02
10671,2.896,343,0.04
10672,2.896,343,0.08
10673,35,298,0.4
10674,35,298,0.4
10675,0,343,0.025
10676,0,343,0.025
10677,58.5,343,0.025
10678,58.5,343,0.05
10679,58.5,343,0.075
10680,35,298,0.1
10681,35,298,0.2
10682,35,298,0.3
10683,35,298,0.4
10684,16.5,323,0.1
10685,16.5,323,0.1
10686,35,333,0.03
10687,35,333,0.03
10688,35,308,0.4
10689,35,308,0.4
10690,35,308,0.4
10691,35,298,0.5
10692,30,298,0.01
10693,30,298,0.005
10694,30,298,0.005
10695,30,313,0.002003473
10696,30,313,0.005008682
10697,30,313,0.010017363
10698,30,313,0.020034726
10699,30,333,0.002003473
10700,30,333,0.005008682
10701,30,333,0.010017363
10702,30,333,0.020034726
10703,30,313,0.002003473
10704,30,313,0.005008682
10705,30,313,0.010017363
10706,30,313,0.020034726
10707,30,333,0.002003473
10708,30,333,0.005008682
10709,30,333,0.010017363
10710,30,333,0.020034726
10711,30,323,0.1
10712,30,323,0.1
10713,30,323,0.1
10714,30,323,0.1
10715,7.3,298,0.04
10716,7.3,298,0.08
10717,35,313,0.05
10718,35,313,0.1
10719,35,313,0.2
10720,35,313,0.4
10721,35,313,0.05
10722,35,313,0.1
10723,35,313,0.2
10724,35,313,0.4
10725,0,298,0.05
10726,0,298,0.1
10727,0,298,0.15
10728,0,298,0.2
10729,0,298,0.3
10730,0,298,0.4
10731,0,298,0.05
10732,0,298,0.1
10733,0,298,0.15
10734,0,298,0.2
10735,0,298,0.3
10736,0,298,0.4
10737,0,298,0.05
10738,0,298,0.1
10739,0,298,0.15
10740,0,298,0.2
10741,0,298,0.3
10742,0,298,0.4
10743,0,353,0.01
10744,0,353,0.02
10745,0,353,0.03
10746,0,353,0.06
10747,0,353,0.08
10748,30,313,6.18849
10749,30,343,6.18849
10750,30,313,6.18849
10751,30,343,6.18849
10752,30,298,0.02
10753,30,298,0.04
10754,30,298,0.06
10755,30,298,0.08
10756,30,298,0.02
10757,30,298,0.04
10758,30,298,0.06
10759,30,298,0.08
10760,30,333,0.02
10761,30,333,0.05
10762,30,333,0.1
10763,30,333,0.005
10764,30,333,0.01
10765,30,333,0.02
10766,30,333,0.05
10767,30,333,0.1
10768,117.31,333,0.005
10769,117.31,333,0.01
10770,117.31,333,0.02
10771,117.31,333,0.04
10772,117.31,333,0.06
10773,35,298,0.025
10774,35,298,0.05
10775,35,298,0.1
10776,35,298,0.2
10777,29.25,313,0.02
10778,29.25,313,0.05
10779,29.25,313,0.1
10780,29.25,313,0.02
10781,29.25,313,0.05
10782,29.25,313,0.1
10783,29.25,313,0.02
10784,29.25,313,0.05
10785,29.25,313,0.1
10786,29.25,313,0.02
10787,29.25,313,0.05
10788,29.25,313,0.1
10789,90.383,333,0.011405152
10790,90.383,333,0.0356411
10791,90.383,333,0.11405152
10792,90.383,333,0.356411
10793,90.383,333,1.1405152
10794,90.383,333,0.011470336
10795,90.383,333,0.0358448
10796,90.383,333,0.11470336
10797,90.383,333,0.358448
10798,90.383,333,1.1470336
10799,292.5,333.15,0.05
10800,292.5,333.15,0.1
10801,292.5,333.15,0.15
10802,292.5,333.15,0.2
10803,292.5,333.15,0.25
10804,30,298,0.3
10805,30,298,0.4
10806,30,298,0.5
10807,30,333,0.05
10808,30,333,0.1
10809,30,333,0.2
10810,30,333,0.4
10811,30,298,0.005
10812,30,298,0.01
10813,30,298,0.02
10814,30,298,0.05
10815,30,298,0.005
10816,30,298,0.01
10817,30,298,0.02
10818,30,298,0.05
10819,30,298,0.005
10820,30,298,0.01
10821,30,298,0.02
10822,30,298,0.05
10823,30,298,0.005
10824,30,298,0.01
10825,30,298,0.02
10826,30,298,0.05
10827,50,298,3.7989912
10828,50,298,5.7119584
10829,50,298,7.5979824
10830,29.25,313,0.001
10831,29.25,313,0.005
10832,29.25,313,0.01
10833,29.25,313,0.02
10834,29.25,313,0.05
10835,29.25,313,0.1
10836,29.25,313,0.001
10837,29.25,313,0.005
10838,29.25,313,0.01
10839,29.25,313,0.02
10840,29.25,313,0.05
10841,29.25,313,0.1
10842,29.25,313,0.001
10843,29.25,313,0.005
10844,29.25,313,0.01
10845,29.25,313,0.02
10846,29.25,313,0.05
10847,29.25,313,0.1
10848,29.25,313,0.001
10849,29.25,313,0.005
10850,29.25,313,0.01
10851,29.25,313,0.02
10852,29.25,313,0.05
10853,29.25,313,0.1
10854,29.25,313,0.001
10855,29.25,313,0.005
10856,29.25,313,0.01
10857,29.25,313,0.02
10858,29.25,313,0.05
10859,29.25,313,0.1
10860,29.25,313,0.001
10861,29.25,313,0.005
10862,29.25,313,0.01
10863,29.25,313,0.02
10864,29.25,313,0.05
10865,29.25,313,0.1
10866,35,298,0.05
10867,35,298,0.1
10868,35,298,0.2
10869,35,298,0.4
10870,30,333,0.002003473
10871,30,333,0.005008682
10872,30,333,0.008013891
10873,30,333,0.010017363
10874,30,333,0.020034726
10875,35,298,0.05
10876,35,298,0.1
10877,35,298,0.2
10878,35,298,0.05
10879,35,298,0.1
10880,35,298,0.2
10881,35,298,0.05
10882,35,298,0.1
10883,35,298,0.2
10884,35,298,0.05
10885,35,298,0.1
10886,35,298,0.2
10887,30,333,0.025
10888,30,333,0.05
10889,30,333,0.1
10890,30,333,0.2
10891,30,333,0.3
10892,30,333,0.4
10893,30,298,0.1
10894,30,313,0.1
10895,30,333,0.1
10896,30,353,0.1
10897,16.6172,298,0.01
10898,16.6172,298,0.02
10899,16.6172,298,0.03
10900,16.6172,298,0.04
10901,16.6172,298,0.05
10902,16.6172,298,0.06
10903,16.6172,298,0.07
10904,16.6172,298,0.3
10905,10,323,300
10906,10,323,500
10907,10,323,700
10908,10,323,900
10909,50,323,500
10910,50,323,900
10911,100,323,700
10912,100,323,900
10913,30,333,0.01
10914,30,333,0.01
10915,30,333,0.05
10916,30,333,0.1
10917,35,393,0.005
10918,35,393,0.005
10919,35,393,0.005
10920,35,393,0.005
10921,12.029,323,0.025
10922,12.029,323,0.05
10923,12.029,323,0.075
10924,12.029,323,0.1
10925,12.029,323,0.125
10926,12.029,323,0.15
10927,2.15,333,0.1
10928,2.15,333,0.05
10929,30,323,0.025
10930,30,323,0.025
10931,30,323,0.025
10932,0,298,0.05
10933,0,298,0.1
10934,0,298,0.2
10935,29.25,313,0.001
10936,29.25,313,0.005
10937,29.25,313,0.01
10938,29.25,313,0.02
10939,29.25,313,0.05
10940,29.25,313,0.1
10941,29.25,313,0.001
10942,29.25,313,0.005
10943,29.25,313,0.01
10944,29.25,313,0.02
10945,29.25,313,0.05
10946,29.25,313,0.1
10947,29.25,303,0.001
10948,29.25,303,0.002
10949,29.25,303,0.003
10950,29.25,303,0.005
10951,29.25,303,0.01
10952,29.25,303,0.02
10953,29.25,313,0.001
10954,29.25,313,0.005
10955,29.25,313,0.01
10956,29.25,313,0.02
10957,29.25,313,0.05
10958,29.25,313,0.1
10959,29.25,323,0.001
10960,29.25,323,0.002
10961,29.25,323,0.003
10962,29.25,323,0.005
10963,29.25,323,0.01
10964,29.25,323,0.02
10965,35,393,0.005
10966,35,393,0.005
10967,35,393,0.005
10968,35,393,0.005
10969,35,298,0.25
10970,35,298,0.5
10971,35,298,1
10972,29.25,313,0.2
10973,29.25,313,0.2
10974,29.25,313,0.2
10975,30,298,0.1
10976,30,298,0.1
10977,35,298,0.0001
10978,35,298,0.0005
10979,35,298,0.001
10980,35,298,0.005
10981,35,298,0.01
10982,35,298,0.015
10983,35,298,0.0001
10984,35,298,0.0005
10985,35,298,0.001
10986,35,298,0.005
10987,35,298,0.01
10988,35,298,0.015
10989,35,298,0.02
10990,35,298,0.1
10991,35,298,0.15
10992,0.585,298,0.39712932
10993,300,298,300
10994,30,293,0.07
10995,30,343,0.07
11005,224.09,298,0.005
11006,224.09,298,0.01
11007,224.09,298,0.025
11008,224.09,298,0.005
11009,224.09,298,0.01
11010,224.09,298,0.025
11011,10,323,0.1
11012,10,323,0.1
11013,10,323,0.1
11014,10,323,0.1
11015,10,323,0.1
11016,0.585,298,0.01991292
11017,0.585,298,0.0995646
11018,0.585,298,0.39991781
11019,50,333,0.02
11020,50,333,0.05
11021,50,333,0.1
11022,50,333,0.15
11023,50,333,0.5
11024,30,303,0.1
11025,30,303,0.1
11026,30,303,0.1
11027,30,303,0.1
11028,0,298,0.004
11029,0,298,0.004
11030,30,333,0.01
11031,30,323,0.025
11032,30,323,0.01
11033,30,303,0.2
11034,30,313,0.1
11035,30,313,0.1
11036,30,313,0.1
11037,30,423,1.5
11038,30,423,1.5
11039,23.2065,298,0.1
11040,23.2065,298,0.1
11041,23.2065,298,0.1
11046,30,333,0.4
11047,10,308,0.05
11048,10,308,0.05
11049,10,308,0.05
11050,10,308,0.05
11051,50,298,0.000514671
11052,50,308,0.000514671
11053,50,318,0.000514671
11054,50,298,0.000992579
11055,50,308,0.000992579
11056,50,318,0.000992579
11057,50,298,0.0030145
11058,50,308,0.0030145
11059,50,318,0.0030145
11060,50,298,0.004999659
11061,50,308,0.004999659
11062,50,318,0.004999659
11063,50,298,0.009999318
11064,50,308,0.009999318
11065,50,318,0.009999318
11066,50,298,0.019998637
11067,50,308,0.019998637
11068,50,318,0.019998637
11069,0,295,0.646011
11070,30,323,0.004982918
11071,30,323,0.010275334
11072,30,323,0.025069338
11073,30,323,0.049829178
11074,30,323,0.102753336
11075,129.48,293,0.05
11076,129.48,293,0.1
11077,129.48,293,0.2
11078,129.48,313,0.05
11079,129.48,313,0.1
11080,129.48,313,0.2
11081,129.48,333,0.05
11082,129.48,333,0.1
11083,129.48,333,0.2
11084,129.48,293,0.05
11085,129.48,293,0.1
11086,129.48,293,0.2
11087,129.48,313,0.05
11088,129.48,313,0.1
11089,129.48,313,0.2
11090,129.48,333,0.05
11091,129.48,333,0.1
11092,129.48,333,0.2
11093,24.5,313,0.001
11094,24.5,313,0.00075
11095,24.5,313,0.001
11096,24.5,313,0.00075
11097,24.5,313,0.001
11098,24.5,313,0.00075
11099,24.5,313,0.001
11100,24.5,313,0.00075
11101,24.5,313,0.001
11102,24.5,313,0.00075
11103,30,298,0.1
11104,30,298,0.1
11105,30,298,0.1
11106,30,298,0.005
11107,30,298,0.01
11108,30,298,0.025
11109,30,298,0.05
11110,30,298,0.1
11111,117,298,39767.7
11112,117,298,159070.8
11113,117,298,397677
11114,117,298,795354
11115,117,298,1590708
11116,30,353,0.005
11117,30,353,0.01
11118,30,353,0.015
11119,30,353,0.02
11120,30,353,0.005
11121,30,353,0.01
11122,30,353,0.015
11123,30,353,0.02
11124,30,298,0.02
11125,30,298,0.04
11126,30,298,0.06
11127,30,298,0.08
11128,30,298,0.1
11129,30,298,0.2
11130,30,298,0.08
11131,30,313,0.08
11132,0,298,0.08
11133,2.925,298,0.08
11134,0,298,0.08
11135,30,298,0.1
11136,30,298,0.1
11137,30,298,0.1
11138,30,298,0.1
11139,30,298,0.1
11140,30,298,0.1
11141,30,298,0.1
11142,30,298,0.1
11143,30,298,0.1
11144,30,298,0.1
11145,30,298,0.1
11146,30,298,0.1
11147,30,298,0.1
11148,30,298,0.1
11149,30,298,0.1
11150,30,298,0.1
11151,30,298,0.02
11152,30,298,0.04
11153,30,298,0.08
11154,30,298,0.1
11155,30,313,0.08
11156,30,323,0.08
11157,30,298,0.08
11158,0,298,0.005
11159,0,298,0.01
11160,0,298,0.015
11161,0,298,0.02
11162,0,298,0.025
11163,0,298,0.005
11164,0,298,0.01
11165,0,298,0.015
11166,0,298,0.02
11167,0,298,0.025
11168,30,298,0.1
11169,30,298,0.1
11170,30,298,0.1
11171,30,298,0.1
11172,30,323,0.12048075
11173,30,323,0.07970265
11174,34,313,0.0025
11175,34,313,0.001
11176,34,313,0.0005
11177,34,313,0.00025
11178,34,313,0.0001
11179,34,313,0.0025
11180,34,313,0.001
11181,34,313,0.0005
11182,34,313,0.00025
11183,34,313,0.001
11184,34,313,0.0005
11185,34,313,0.0002
11186,34,313,0.0001
11187,34,313,0.0025
11188,34,313,0.001
11189,34,313,0.0005
11190,34,313,0.0002
11191,34,313,0.0001
11192,34,313,0.0025
11193,34,313,0.001
11194,34,313,0.0005
11195,34,313,0.00025
11196,34,313,0.0001
11197,34,313,0.0025
11198,34,313,0.001
11199,34,313,0.0005
11200,34,313,0.00025
11201,34,313,0.001
11202,34,313,0.0005
11203,34,313,0.0002
11204,34,313,0.0001
11205,34,313,0.0025
11206,34,313,0.001
11207,34,313,0.0005
11208,34,313,0.0002
11209,34,313,0.0001
11210,24.5,313,0.025
11211,24.5,313,0.01
11212,24.5,313,0.0025
11213,24.5,313,0.001
11214,24.5,313,0.0005
11215,24.5,313,0.0002
11216,24.5,313,0.0001
11217,24.5,313,0.025
11218,24.5,313,0.01
11219,24.5,313,0.0025
11220,24.5,313,0.001
11221,24.5,313,0.0005
11222,24.5,313,0.0002
11223,24.5,313,0.0001
11224,24.5,313,0.0025
11225,24.5,313,0.001
11226,24.5,313,0.0005
11227,24.5,313,0.0002
11228,24.5,313,0.0001
11229,24.5,313,5.00E-05
11230,24.5,313,0.0025
11231,24.5,313,0.001
11232,24.5,313,0.0005
11233,24.5,313,0.0002
11234,24.5,313,0.0001
11235,24.5,313,5.00E-05
11236,24.5,353,0.0025
11237,24.5,353,0.001
11238,24.5,353,0.0005
11239,24.5,353,0.00025
11240,24.5,353,0.0001
11241,24.5,353,0.0025
11242,24.5,353,0.001
11243,24.5,353,0.0005
11244,24.5,353,0.00025
11245,24.5,353,0.005
11246,24.5,353,0.001
11247,24.5,353,0.0005
11248,24.5,353,0.00025
11249,24.5,353,0.0001
11250,24.5,353,0.025
11251,24.5,353,0.0025
11252,24.5,353,0.00025
11253,24.5,363,0.005
11254,24.5,363,0.0025
11255,24.5,363,0.001
11256,24.5,363,0.0005
11257,24.5,363,0.00025
11258,24.5,353,0.0025
11259,24.5,353,0.001
11260,24.5,353,0.0005
11261,24.5,353,0.00025
11262,24.5,353,0.0001
11263,24.5,353,0.0025
11264,24.5,353,0.001
11265,24.5,353,0.0005
11266,24.5,353,0.00025
11267,24.5,353,0.005
11268,24.5,353,0.001
11269,24.5,353,0.0005
11270,24.5,353,0.00025
11271,24.5,353,0.0001
11272,24.5,353,0.025
11273,24.5,353,0.0025
11274,24.5,353,0.00025
11275,24.5,363,0.005
11276,24.5,363,0.0025
11277,24.5,363,0.001
11278,24.5,363,0.0005
11279,24.5,363,0.00025
11280,30,323,0.02
11281,30,323,0.02
11282,30,323,0.02
11286,0,298,0.005
11287,0,298,0.01
11288,0,298,0.015
11289,0,298,0.02
11290,0,298,0.025
11291,0,308,0.005
11292,0,308,0.01
11293,0,308,0.015
11294,0,308,0.02
11295,0,308,0.025
11296,0,318,0.005
11297,0,318,0.01
11298,0,318,0.015
11299,0,318,0.02
11300,0,318,0.025
11301,0,328,0.005
11302,0,328,0.01
11303,0,328,0.015
11304,0,328,0.02
11305,0,328,0.025
11306,50,298,0.01
11307,50,298,0.05
11308,50,298,0.1
11309,50,298,0.2
11310,50,318,0.05
11311,50,333,0.05
11312,50,348,0.05
11313,0,363,0.01
11314,0,363,0.02
11315,0,363,0.03
11316,0,363,0.02
11317,0,363,0.03
11318,30,298,0.03
11319,30,298,0.03
11320,30,298,0.03
11321,30,298,0.03
11322,30,298,0.03
11323,30,298,0.03
11324,30,298,0.03
11325,30,298,0.03
11326,30,298,0.03
11327,30,298,0.03
11328,30,298,0.03
11329,30,298,0.03
11330,30,298,0.03
11331,30,298,0.03
11332,30,298,0.03
11333,30,298,0.03
11334,30,298,0.03
11335,30,298,0.03
11336,30,323,0.02
11337,30,323,0.02
11338,30,323,0.02
11342,30,323,0.004
11343,30,323,0.08
11344,30,323,0.12
11345,30,323,0.01
11346,30,323,0.04
11347,30,323,0.08
11348,30,323,0.02
11349,30,323,0.02
11350,30,323,0.02
11351,30,323,0.02
11352,30,323,0.02
11353,30,323,0.02
11357,30,298,0.025
11358,30,298,0.05
11359,30,298,0.1
11360,30,298,0.15
11361,30,298,0.2
11362,30,298,0.25
11363,30,298,0.3
11364,30,298,0.025
11365,30,298,0.075
11366,30,298,0.1
11367,30,298,0.125
11368,30,303,0.005
11369,30,303,0.01
11370,30,303,0.03
11371,30,303,0.05
11372,30,303,0.1
11373,30,303,0.005
11374,30,303,0.01
11375,30,303,0.02
11376,30,303,0.03
11377,30,303,0.05
11378,30,303,0.1
11379,30,303,0.005
11380,30,303,0.01
11381,30,303,0.03
11382,30,303,0.05
11383,30,303,0.1
11384,30,303,0.005
11385,30,303,0.01
11386,30,303,0.03
11387,30,303,0.05
11388,30,303,0.1
11389,25,363,0.084082
11390,25,363,0.42041
11391,25,363,0.84082
11392,25,363,1.26123
11393,25,363,1.68164
11394,25,363,0.101134
11395,25,363,0.50567
11396,25,363,1.01134
11397,25,363,1.51701
11398,25,363,2.02268
11399,25,363,0.159192
11400,25,363,0.79596
11401,25,363,1.59192
11402,25,363,2.38788
11403,25,363,3.18384
11404,25,363,0.130176
11405,25,363,0.65088
11406,25,363,1.30176
11407,25,363,1.95264
11408,25,363,2.60352
11409,25,363,0.13515
11410,25,363,0.67575
11411,25,363,1.3515
11412,25,363,2.02725
11413,25,363,2.703
11414,35,363,0.084082
11415,35,363,0.42041
11416,35,363,0.84082
11417,35,363,1.26123
11418,35,363,1.68164
11419,35,363,0.101134
11420,35,363,0.50567
11421,35,363,1.01134
11422,35,363,1.51701
11423,35,363,2.02268
11424,35,363,0.159192
11425,35,363,0.79596
11426,35,363,1.59192
11427,35,363,2.38788
11428,35,363,3.18384
11429,35,363,0.130176
11430,35,363,0.65088
11431,35,363,1.30176
11432,35,363,1.95264
11433,35,363,2.60352
11434,35,363,0.13515
11435,35,363,0.67575
11436,35,363,1.3515
11437,35,363,2.02725
11438,35,363,2.703
11439,35,298,0.1
11440,35,298,0.25
11441,35,298,0.5
11442,35,298,1
11443,35,323,0.005
11444,35,323,0.01
11445,35,323,0.025
11446,35,323,0.05
11447,35,323,0.1
11448,35,323,0.005
11449,35,323,0.01
11450,35,323,0.025
11451,35,323,0.05
11452,35,323,0.1
11453,35,297,0.001
11454,35,297,0.005
11455,35,297,0.01
11456,35,297,0.05
11457,50,297,0.01
11458,70,297,0.01
11459,35,313,0.01
11460,35,333,0.01
11461,20,293,0.1
11462,20,293,0.4
11463,20,293,0.7
11464,20,293,1
11465,20,333,0.1
11466,20,333,0.4
11467,20,333,0.7
11468,20,333,1
11469,30,333,0.002004294
11470,30,333,0.005010735
11471,30,333,0.01002147
11472,30,333,0.020042941
11473,30,333,0.002004294
11474,30,333,0.005010735
11475,30,333,0.01002147
11476,30,333,0.020042941
11477,30,313,0.002003473
11478,30,313,0.005008682
11479,30,313,0.010017363
11480,30,313,0.020034726
11481,30,333,0.002003473
11482,30,333,0.005008682
11483,30,333,0.010017363
11484,30,333,0.020034726
11485,30,313,0.002003473
11486,30,313,0.005008682
11487,30,313,0.010017363
11488,30,313,0.020034726
11489,30,333,0.002003473
11490,30,333,0.005008682
11491,30,333,0.010017363
11492,30,333,0.020034726
11493,23.2,303,0.01
11494,23.2,303,0.01
11495,35,338,0.1
11496,35,338,0.1
11497,35,338,0.1
11498,35,338,0.1
11499,35,338,0.1
11501,35,298,1.499328
11502,35,308,0.4
11503,35,308,0.4
11504,35,308,0.4
11505,20,298,0.05
11506,20,298,0.075
11507,20,298,0.1
11508,20,298,0.125
11509,20,298,0.15
11510,20,298,0.175
11511,20,298,0.2
11512,20,298,0.15
11513,20,298,0.15
11514,20,298,0.15
11515,20,298,0.15
11516,20,298,0.15
11517,20,298,0.15
11518,20,298,0.15
11519,20,298,0.15
11520,20,298,0.15
11521,20,298,0.15
11522,20,298,0.15
11523,20,313,0.002
11524,20,313,0.003
11525,20,313,0.005
11526,20,313,0.007
11527,20,313,0.009
11528,20,313,0.002
11529,20,313,0.003
11530,20,313,0.005
11531,20,313,0.007
11532,20,313,0.001
11533,20,313,0.003
11534,20,313,0.005
11535,20,313,0.078
11536,5.9,323,0.01
11537,5.9,323,0.025
11538,5.9,323,0.05
11539,5.9,323,0.1
11540,5.9,323,0.15
11541,5.9,323,0.01
11542,5.9,323,0.025
11543,5.9,323,0.05
11544,5.9,323,0.1
11545,5.9,323,0.15
11546,30,298,0.25
11547,30,298,0.5
11548,30,298,1
11549,30,298,0.2
11550,30,298,0.3
11551,30,298,0.4
11552,30,298,0.5
11553,30,298,0.05
11554,30,298,0.07
11555,30,298,0.1
11556,30,298,0.2
11557,30,298,0.5
11558,50,298,2.57E-07
11559,50,298,5.15E-07
11560,50,298,9.93E-07
11561,50,298,3.01E-06
11562,50,298,5.00E-06
11563,50,298,1.00E-05
11564,50,298,1.50E-05
11565,50,298,2.00E-05
11566,23.2065,303,0.01
11567,58.5,333,0.01
11568,29.25,313,0.0015
11569,29.25,313,0.0025
11570,29.25,313,0.005
11571,29.25,313,0.01
11572,29.25,313,0.025
11573,29.25,313,0.1
11574,29.25,313,0.2
11575,58.5,333,0.01
11576,29.25,313,0.0005
11577,29.25,313,0.001
11578,29.25,313,0.0015
11579,29.25,313,0.0025
11580,29.25,313,0.005
11581,29.25,313,0.01
11582,29.25,313,0.025
11583,29.25,313,0.1
11584,29.25,313,0.2
11585,58.5,333,0.01
11586,29.25,313,0.0005
11587,29.25,313,0.001
11588,29.25,313,0.0015
11589,29.25,313,0.0025
11590,29.25,313,0.005
11591,29.25,313,0.01
11592,29.25,313,0.015
11593,29.25,313,0.025
11594,29.25,313,0.05
11595,29.25,313,0.1
11596,29.25,313,0.2
11597,35,313,0.05
11598,35,313,0.1
11599,35,313,0.2
11600,35,313,0.4
11601,35,313,0.05
11602,35,313,0.1
11603,35,313,0.2
11604,35,313,0.4
11605,35,298,0.05
11606,35,298,0.1
11607,35,298,0.2
11608,35,298,0.4
11609,35,298,0.0488172
11610,35,298,0.0976344
11611,35,298,0.0488172
11612,35,298,0.0976344
11613,35,298,0.0488172
11614,35,298,0.0976344
11615,35,298,0.0488172
11616,35,298,0.0976344
11617,35,298,0.0976344
11618,35,298,0.0976344
11619,35,298,0.02656624
11620,35,298,0.499776
11621,35,298,1.499328
11622,35,298,0.499776
11623,35,298,1.499328
11624,35,298,0.499776
11625,35,298,1.499328
11626,35,298,0.499776
11627,35,298,1.499328
11628,17.31,298,0.249888
11629,17.31,298,0.499776
11630,17.31,298,0.249888
11631,17.31,298,0.499776
11632,17.31,298,0.249888
11633,17.31,298,0.499776
11634,17.31,298,0.249888
11635,17.31,298,0.499776
11636,17.31,298,0.005045425
11637,17.31,298,0.01009085
11638,17.31,298,0.0201817
11639,0,308,0.1
11640,35,308,0.2
11641,35,308,0.3
11642,35,308,0.4
11643,35,308,0.5
11644,35,298,0.1
11645,35,298,0.2
11646,35,298,0.3
11647,35,298,0.4
11648,10,323,0.01
11649,10,323,0.025
11650,10,323,0.05
11651,10,323,0.075
11652,10,323,0.1
11653,10,323,0.01
11654,10,323,0.025
11655,10,323,0.05
11656,10,323,0.075
11657,10,323,0.1
11658,10,323,0.01
11659,10,323,0.025
11660,10,323,0.05
11661,10,323,0.075
11662,10,323,0.1
11663,10,323,0.01
11664,10,323,0.025
11665,10,323,0.05
11666,10,323,0.075
11667,10,323,0.1
11668,10,323,0.01
11669,10,323,0.025
11670,10,323,0.05
11671,10,323,0.075
11672,10,323,0.1
11673,10,323,0.01
11674,10,323,0.025
11675,10,323,0.05
11676,10,323,0.075
11677,10,323,0.1
11678,10,323,0.01
11679,10,323,0.025
11680,10,323,0.05
11681,10,323,0.075
11682,10,323,0.1
11683,10,323,0.01
11684,10,323,0.025
11685,10,323,0.05
11686,10,323,0.075
11687,10,323,0.1
11688,10,323,0.01
11689,10,323,0.025
11690,10,323,0.05
11691,10,323,0.075
11692,10,323,0.1
11693,10,323,0.01
11694,10,323,0.025
11695,10,323,0.05
11696,10,323,0.075
11697,10,323,0.1
11698,35,298,0.4
11699,35,298,0.4
11700,35,353,0.03
11701,35,353,0.05
11702,35,353,0.08
11703,35,353,0.1
11704,35,353,0.03
11705,35,353,0.05
11706,35,353,0.08
11707,35,353,0.1
11708,0.0585,298,0.01991292
11709,0.0585,298,0.0995646
11710,0.0585,298,0.39991781
11711,0.0585,343,0.025
11712,0.0585,343,0.025
11713,0.0585,343,0.05
11714,0.0585,343,0.075
11715,0.0585,343,0.025
11716,35,298,0.02
11717,35,298,0.04
11718,35,298,0.08
11719,35,298,0.1
11720,35,313,0.08
11721,35,323,0.08
11722,35,323,0.08
